1772254800,Balatro
1772254980,Balatro
1772255160,Balatro
1772255340,Balatro
1772255520,Balatro
1772255700,Balatro
1772255880,Balatro
1772256060,Balatro
1772256240,Balatro
1772256420,Balatro
1772256600,Balatro
1772256780,Balatro
1772256960,Balatro
1772257140,Balatro
1772257320,Balatro
1772257500,Balatro
1772257680,Balatro
1772257860,Balatro
1772258040,Balatro
1772258220,Balatro
1772258400,None
1772258580,None
1772258760,None
1772258940,None
1772259120,None
1772259300,None
1772259480,None
1772259660,None
1772259840,None
1772260020,None
1772260200,None
1772260380,None
1772260560,None
1772260740,None
1772260920,None
1772261100,None
1772261280,None
1772261460,None
1772261640,None
1772261820,None
1772262000,None
1772262180,None
1772262360,None
1772262540,None
1772262720,None
1772262900,None
1772263080,None
1772263260,None
1772263440,None
1772263620,None
1772263800,None
1772263980,None
1772264160,None
1772264340,None
1772264520,None
1772264700,None
1772264880,None
1772265060,None
1772265240,None
1772265420,None
1772265600,None
1772265780,None
1772265960,None
1772266140,None
1772266320,None
1772266500,None
1772266680,None
1772266860,None
1772267040,None
1772267220,None
1772267400,None
1772267580,None
1772267760,None
1772267940,None
1772268120,None
1772268300,None
1772268480,None
1772268660,None
1772268840,None
1772269020,None
1772269200,Stardew Valley
1772269380,Stardew Valley
1772269560,Stardew Valley
1772269740,Stardew Valley
1772269920,Stardew Valley
1772270100,Stardew Valley
1772270280,Stardew Valley
1772270460,Stardew Valley
1772270640,Stardew Valley
1772270820,Stardew Valley
1772271000,Stardew Valley
1772271180,Stardew Valley
1772271360,Stardew Valley
1772271540,Stardew Valley
1772271720,Stardew Valley
1772271900,Stardew Valley
1772272080,Stardew Valley
1772272260,Stardew Valley
1772272440,Stardew Valley
1772272620,Stardew Valley
1772272800,Stardew Valley
1772272980,Stardew Valley
1772273160,Stardew Valley
1772273340,Stardew Valley
1772273520,Stardew Valley
1772273700,Stardew Valley
1772273880,Stardew Valley
1772274060,Stardew Valley
1772274240,Stardew Valley
1772274420,Stardew Valley
1772274600,Balatro
1772274780,Balatro
1772274960,Balatro
1772275140,Balatro
1772275320,Balatro
1772275500,Balatro
1772275680,Balatro
1772275860,Balatro
1772276040,Balatro
1772276220,Balatro
1772276400,Balatro
1772276580,Balatro
1772276760,Balatro
1772276940,Balatro
1772277120,Balatro
1772277300,Balatro
1772277480,Balatro
1772277660,Balatro
1772277840,Balatro
1772278020,Balatro
1772278200,Balatro
1772278380,Balatro
1772278560,Balatro
1772278740,Balatro
1772278920,Balatro
1772279100,Balatro
1772279280,Balatro
1772279460,Balatro
1772279640,Balatro
1772279820,Balatro
